Model,Accuracy Score,Precision Score,Recall Score,F1 Score
Logistic Regression Classifier,0.5673076923076923,0.5673076923076923,1.0,0.7239263803680982
Decision Tree Classifier,0.6923076923076923,0.7755102040816326,0.6440677966101694,0.7037037037037037
Random Forest Classifier,0.8076923076923077,0.7910447761194029,0.8983050847457628,0.8412698412698413
MLP Classifier,0.5673076923076923,0.5673076923076923,1.0,0.7239263803680982
