{"Model": {"0": "Logistic Regression Classifier", "1": "Decision Tree Classifier", "2": "Random Forest Classifier", "3": "MLP Classifier"}, "Accuracy Score": {"0": 0.5673076923076923, "1": 0.6346153846153846, "2": 0.7596153846153846, "3": 0.5673076923076923}, "Precision Score": {"0": 0.5673076923076923, "1": 0.6363636363636364, "2": 0.7428571428571429, "3": 0.5673076923076923}, "Recall Score": {"0": 1.0, "1": 0.8305084745762712, "2": 0.8813559322033898, "3": 1.0}, "F1 Score": {"0": 0.7239263803680982, "1": 0.7205882352941176, "2": 0.8062015503875969, "3": 0.7239263803680982}}